ms_per_tok,acc
0.047385,91.3991
0.048050,90.5963
0.076600,91.7431
