ms_per_tok,acc
0.043012,66.7431
0.044058,76.1468
0.044182,79.4725
